File,LOC,SLOC-P,SLOC-L,MVG,BLOC,C&SLOC,CLOC,CWORD,HCLOC,HCWORD
D:\Dokumente\Git\Fusee_Fork\src\Engine\Common\Attributes.cs,43,15,8,0,8,0,20,87,0,0
D:\Dokumente\Git\Fusee_Fork\src\Engine\Common\Helper.cs,80,24,18,0,4,0,52,182,0,0
D:\Dokumente\Git\Fusee_Fork\src\Engine\Common\IAudioImp.cs,53,13,9,0,7,0,33,332,0,0
D:\Dokumente\Git\Fusee_Fork\src\Engine\Common\IAudioStreamImp.cs,57,13,9,0,6,0,38,179,0,0
D:\Dokumente\Git\Fusee_Fork\src\Engine\Common\IBoxShapeImp.cs,23,12,8,0,2,0,9,36,0,0
D:\Dokumente\Git\Fusee_Fork\src\Engine\Common\ICapsuleShapeImp.cs,36,13,9,0,2,0,21,76,0,0
D:\Dokumente\Git\Fusee_Fork\src\Engine\Common\ICollisionShapeImp.cs,42,14,10,0,2,0,26,105,0,0
D:\Dokumente\Git\Fusee_Fork\src\Engine\Common\ICompoundShapeImp.cs,65,19,15,0,2,0,44,175,0,0
D:\Dokumente\Git\Fusee_Fork\src\Engine\Common\IConeShapeImp.cs,36,13,9,0,2,0,21,76,0,0
D:\Dokumente\Git\Fusee_Fork\src\Engine\Common\IConeTwistConstraintImp.cs,189,37,33,0,9,0,143,523,0,0
D:\Dokumente\Git\Fusee_Fork\src\Engine\Common\IConstraintImp.cs,44,14,10,0,3,0,27,101,0,0
D:\Dokumente\Git\Fusee_Fork\src\Engine\Common\IConvexHullShapeImp.cs,37,15,11,0,2,0,20,70,0,0
D:\Dokumente\Git\Fusee_Fork\src\Engine\Common\ICylinderShapeImp.cs,37,14,10,0,2,0,21,59,0,0
D:\Dokumente\Git\Fusee_Fork\src\Engine\Common\IDynamicWorldImp.cs,303,45,41,0,24,1,234,968,0,0
D:\Dokumente\Git\Fusee_Fork\src\Engine\Common\IEmptyShapeImp.cs,15,10,6,0,2,0,3,12,0,0
D:\Dokumente\Git\Fusee_Fork\src\Engine\Common\IFont.cs,108,23,17,0,13,0,72,310,0,0
D:\Dokumente\Git\Fusee_Fork\src\Engine\Common\IGameController.cs,33,20,16,0,13,0,0,0,0,0
D:\Dokumente\Git\Fusee_Fork\src\Engine\Common\IGearConstraintImp.cs,15,10,6,0,2,0,3,12,0,0
D:\Dokumente\Git\Fusee_Fork\src\Engine\Common\IGeneric6DofConstraintImp.cs,160,32,28,0,13,0,115,401,0,0
D:\Dokumente\Git\Fusee_Fork\src\Engine\Common\IGImpactMeshShapeImp.cs,16,10,6,0,3,0,3,14,0,0
D:\Dokumente\Git\Fusee_Fork\src\Engine\Common\IHingeConstraintImp.cs,159,38,27,0,11,0,110,388,0,0
D:\Dokumente\Git\Fusee_Fork\src\Engine\Common\IInputDevice.cs,14,11,7,0,3,0,0,0,0,0
D:\Dokumente\Git\Fusee_Fork\src\Engine\Common\IInputDeviceImp.cs,401,97,52,0,34,0,270,1495,0,0
D:\Dokumente\Git\Fusee_Fork\src\Engine\Common\IInputDriverImp.cs,87,24,16,0,10,0,53,305,0,0
D:\Dokumente\Git\Fusee_Fork\src\Engine\Common\IInputImp.cs,75,18,14,0,13,0,44,218,0,0
D:\Dokumente\Git\Fusee_Fork\src\Engine\Common\IMeshImp.cs,104,22,17,0,14,0,68,423,0,0
D:\Dokumente\Git\Fusee_Fork\src\Engine\Common\IMultiSphereShapeImp.cs,36,14,10,0,2,0,20,64,0,0
D:\Dokumente\Git\Fusee_Fork\src\Engine\Common\INetworkConnection.cs,69,18,11,0,5,0,46,224,0,0
D:\Dokumente\Git\Fusee_Fork\src\Engine\Common\INetworkImp.cs,187,43,29,0,16,0,128,523,0,0
D:\Dokumente\Git\Fusee_Fork\src\Engine\Common\INetworkMsg.cs,247,70,23,0,10,0,167,633,0,0
D:\Dokumente\Git\Fusee_Fork\src\Engine\Common\InitEventArgs.cs,12,7,3,0,2,0,3,17,0,0
D:\Dokumente\Git\Fusee_Fork\src\Engine\Common\IPoint2PointConstraintImp.cs,61,22,11,0,5,0,34,116,0,0
D:\Dokumente\Git\Fusee_Fork\src\Engine\Common\IRenderCanvasImp.cs,131,25,20,0,15,0,91,475,0,0
D:\Dokumente\Git\Fusee_Fork\src\Engine\Common\IRenderContextImp.cs,453,57,45,0,41,0,355,2381,0,0
D:\Dokumente\Git\Fusee_Fork\src\Engine\Common\IRigidBodyImp.cs,188,32,28,0,18,2,138,476,0,0
D:\Dokumente\Git\Fusee_Fork\src\Engine\Common\IShaderParam.cs,13,6,2,0,1,0,6,36,0,0
D:\Dokumente\Git\Fusee_Fork\src\Engine\Common\IShaderProgramImp.cs,9,6,2,0,0,0,3,14,0,0
D:\Dokumente\Git\Fusee_Fork\src\Engine\Common\ISliderConstraintImp.cs,343,53,49,0,19,0,271,964,0,0
D:\Dokumente\Git\Fusee_Fork\src\Engine\Common\ISphereShapeImp.cs,22,11,7,0,2,0,9,30,0,0
D:\Dokumente\Git\Fusee_Fork\src\Engine\Common\IStaticPlaneShapeImp.cs,30,13,9,0,2,0,15,48,0,0
D:\Dokumente\Git\Fusee_Fork\src\Engine\Common\ITexture.cs,11,6,2,0,0,0,5,32,0,0
D:\Dokumente\Git\Fusee_Fork\src\Engine\Common\ITreeComponent.cs,23,11,7,0,2,0,10,51,0,0
D:\Dokumente\Git\Fusee_Fork\src\Engine\Common\ITreeNode.cs,44,13,9,0,4,0,27,125,0,0
D:\Dokumente\Git\Fusee_Fork\src\Engine\Common\IVideoManagerImp.cs,26,8,4,0,1,0,17,83,0,0
D:\Dokumente\Git\Fusee_Fork\src\Engine\Common\IVideoStreamImp.cs,27,10,6,0,3,0,14,52,0,0
D:\Dokumente\Git\Fusee_Fork\src\Engine\Common\KeyEventArgs.cs,42,11,7,0,4,0,27,113,0,0
D:\Dokumente\Git\Fusee_Fork\src\Engine\Common\Light.cs,64,21,12,0,3,0,40,160,0,0
D:\Dokumente\Git\Fusee_Fork\src\Engine\Common\MouseEventArgs.cs,29,11,7,0,3,0,15,48,0,0
D:\Dokumente\Git\Fusee_Fork\src\Engine\Common\Point.cs,25,11,6,0,2,0,12,32,0,0
D:\Dokumente\Git\Fusee_Fork\src\Engine\Common\RCEnums.cs,593,370,16,0,41,0,182,821,0,0
D:\Dokumente\Git\Fusee_Fork\src\Engine\Common\Rectangle.cs,62,21,16,0,7,0,34,110,0,0
D:\Dokumente\Git\Fusee_Fork\src\Engine\Common\RenderEventArgs.cs,12,7,3,0,2,0,3,11,0,0
D:\Dokumente\Git\Fusee_Fork\src\Engine\Common\ResizeEventArgs.cs,12,7,3,0,2,0,3,13,0,0
D:\Dokumente\Git\Fusee_Fork\src\Engine\Common\ShaderParamInfo.cs,35,14,10,0,2,0,19,110,0,0
D:\Dokumente\Git\Fusee_Fork\src\Engine\Common\Properties\AssemblyInfo.cs,37,15,3,0,5,0,17,111,0,0
D:\Dokumente\Git\Fusee_Fork\src\Engine\Core\Audio.cs,240,107,48,5,26,1,107,416,0,9
D:\Dokumente\Git\Fusee_Fork\src\Engine\Core\AudioStream.cs,62,19,21,0,9,0,34,168,0,0
D:\Dokumente\Git\Fusee_Fork\src\Engine\Core\BoxShape.cs,68,39,21,2,5,0,24,88,0,0
D:\Dokumente\Git\Fusee_Fork\src\Engine\Core\CapsuleShape.cs,99,59,31,5,7,0,33,108,0,0
D:\Dokumente\Git\Fusee_Fork\src\Engine\Core\CollisionShape.cs,50,27,15,0,5,0,18,61,0,0
D:\Dokumente\Git\Fusee_Fork\src\Engine\Core\CompoundShape.cs,132,54,28,1,7,0,71,291,0,0
D:\Dokumente\Git\Fusee_Fork\src\Engine\Core\ConeShape.cs,104,64,34,5,7,0,33,113,0,0
D:\Dokumente\Git\Fusee_Fork\src\Engine\Core\ConeTwistConstraint.cs,368,192,98,17,17,0,159,562,0,0
D:\Dokumente\Git\Fusee_Fork\src\Engine\Core\ConvexHullShape.cs,44,26,14,3,7,0,11,97,0,0
D:\Dokumente\Git\Fusee_Fork\src\Engine\Core\Cube.cs,128,102,36,0,12,0,14,53,0,0
D:\Dokumente\Git\Fusee_Fork\src\Engine\Core\CylinderShape.cs,66,59,31,5,7,0,0,0,0,0
D:\Dokumente\Git\Fusee_Fork\src\Engine\Core\DynamicWorld.cs,426,350,252,48,39,15,37,112,0,0
D:\Dokumente\Git\Fusee_Fork\src\Engine\Core\EmptyShape.cs,25,21,11,1,3,0,1,1,0,0
D:\Dokumente\Git\Fusee_Fork\src\Engine\Core\FontMap.cs,369,172,113,17,43,1,154,721,0,0
D:\Dokumente\Git\Fusee_Fork\src\Engine\Core\Frustum.cs,106,1,0,0,31,1,74,280,0,2
D:\Dokumente\Git\Fusee_Fork\src\Engine\Core\GearConstraint.cs,36,29,15,3,7,0,0,0,0,0
D:\Dokumente\Git\Fusee_Fork\src\Engine\Core\Generic6DofConstraint.cs,204,190,102,17,14,0,0,0,0,0
D:\Dokumente\Git\Fusee_Fork\src\Engine\Core\Geometry.cs,471,286,160,53,56,0,129,637,0,0
D:\Dokumente\Git\Fusee_Fork\src\Engine\Core\GImpactMeshShape.cs,25,21,11,1,4,0,0,0,0,0
D:\Dokumente\Git\Fusee_Fork\src\Engine\Core\HingeConstraint.cs,174,151,81,14,23,0,0,0,0,0
D:\Dokumente\Git\Fusee_Fork\src\Engine\Core\ImpFactory.cs,239,156,61,19,31,0,52,229,0,0
D:\Dokumente\Git\Fusee_Fork\src\Engine\Core\Input.cs,799,199,136,23,55,0,545,2231,0,0
D:\Dokumente\Git\Fusee_Fork\src\Engine\Core\InputDevice.cs,940,486,303,93,114,14,340,2346,0,0
D:\Dokumente\Git\Fusee_Fork\src\Engine\Core\JometriMesh.cs,70,55,36,6,14,0,1,5,0,0
D:\Dokumente\Git\Fusee_Fork\src\Engine\Core\KeyboardDevice.cs,87,25,19,0,9,0,53,393,0,0
D:\Dokumente\Git\Fusee_Fork\src\Engine\Core\Material.cs,164,58,31,5,15,1,91,283,0,0
D:\Dokumente\Git\Fusee_Fork\src\Engine\Core\Mesh.cs,171,69,48,0,14,0,88,329,0,0
D:\Dokumente\Git\Fusee_Fork\src\Engine\Core\MeshReader.cs,350,146,76,20,28,2,176,588,0,0
D:\Dokumente\Git\Fusee_Fork\src\Engine\Core\MouseDevice.cs,215,55,36,0,16,0,144,634,0,0
D:\Dokumente\Git\Fusee_Fork\src\Engine\Core\MultiSphereShape.cs,46,40,22,4,6,0,0,0,0,0
D:\Dokumente\Git\Fusee_Fork\src\Engine\Core\Network.cs,368,169,85,9,40,0,159,570,0,0
D:\Dokumente\Git\Fusee_Fork\src\Engine\Core\ParticleEmitter.cs,508,370,242,25,37,3,101,401,0,0
D:\Dokumente\Git\Fusee_Fork\src\Engine\Core\Point2PointConstraint.cs,78,69,37,6,9,0,0,0,0,0
D:\Dokumente\Git\Fusee_Fork\src\Engine\Core\RenderCanvas.cs,394,150,88,10,49,0,195,963,0,0
D:\Dokumente\Git\Fusee_Fork\src\Engine\Core\RenderContext.cs,1686,709,417,76,189,1,788,4751,0,0
D:\Dokumente\Git\Fusee_Fork\src\Engine\Core\RenderStateSet.cs,347,86,48,0,28,0,233,1000,0,0
D:\Dokumente\Git\Fusee_Fork\src\Engine\Core\ResizeEventArgs.cs,12,7,3,0,2,0,3,13,0,0
D:\Dokumente\Git\Fusee_Fork\src\Engine\Core\RigidBody.cs,375,308,188,36,34,0,33,109,0,0
D:\Dokumente\Git\Fusee_Fork\src\Engine\Core\ScenePicker.cs,103,67,40,0,16,0,20,48,0,0
D:\Dokumente\Git\Fusee_Fork\src\Engine\Core\SceneRenderer.cs,785,557,281,49,75,4,153,706,0,0
D:\Dokumente\Git\Fusee_Fork\src\Engine\Core\ScreenS3D.cs,261,184,128,7,40,2,37,197,0,0
D:\Dokumente\Git\Fusee_Fork\src\Engine\Core\ShaderCodeBuilder.cs,516,340,245,38,91,1,85,456,0,0
D:\Dokumente\Git\Fusee_Fork\src\Engine\Core\ShaderEffect.cs,280,205,112,22,24,1,51,524,0,0
D:\Dokumente\Git\Fusee_Fork\src\Engine\Core\ShaderMaterial.cs,62,23,9,1,9,0,30,101,0,0
D:\Dokumente\Git\Fusee_Fork\src\Engine\Core\ShaderProgram.cs,67,35,19,3,10,0,22,168,0,0
D:\Dokumente\Git\Fusee_Fork\src\Engine\Core\Shaders.cs,485,341,249,27,111,3,33,217,0,0
D:\Dokumente\Git\Fusee_Fork\src\Engine\Core\SliderConstraint.cs,552,530,280,45,22,0,0,0,0,0
D:\Dokumente\Git\Fusee_Fork\src\Engine\Core\SphereShape.cs,52,48,26,3,4,0,0,0,0,0
D:\Dokumente\Git\Fusee_Fork\src\Engine\Core\StaticPlaneShape.cs,40,33,17,2,6,0,1,1,0,0
D:\Dokumente\Git\Fusee_Fork\src\Engine\Core\Stereo3D.cs,430,276,182,22,87,2,67,321,0,0
D:\Dokumente\Git\Fusee_Fork\src\Engine\Core\StereoCameraRig.cs,119,63,39,8,16,0,40,265,0,0
D:\Dokumente\Git\Fusee_Fork\src\Engine\Core\Time.cs,167,72,52,1,20,0,75,441,0,0
D:\Dokumente\Git\Fusee_Fork\src\Engine\Core\TouchDevice.cs,339,179,107,27,32,1,128,1101,0,0
D:\Dokumente\Git\Fusee_Fork\src\Engine\Core\VideoManager.cs,31,25,13,2,6,0,0,0,0,0
D:\Dokumente\Git\Fusee_Fork\src\Engine\Core\VideoStream.cs,27,21,11,1,6,0,0,0,0,0
D:\Dokumente\Git\Fusee_Fork\src\Engine\Core\GUI\GUIButton.cs,281,153,93,12,36,0,92,445,0,0
D:\Dokumente\Git\Fusee_Fork\src\Engine\Core\GUI\GUIElement.cs,562,374,240,23,107,0,81,303,0,0
D:\Dokumente\Git\Fusee_Fork\src\Engine\Core\GUI\GUIHandler.cs,117,63,34,5,14,0,40,253,0,0
D:\Dokumente\Git\Fusee_Fork\src\Engine\Core\GUI\GUIImage.cs,168,104,55,5,23,0,41,193,0,0
D:\Dokumente\Git\Fusee_Fork\src\Engine\Core\GUI\GUIPanel.cs,268,136,85,10,40,0,92,499,0,0
D:\Dokumente\Git\Fusee_Fork\src\Engine\Core\GUI\GUIText.cs,119,47,23,4,11,0,61,307,0,0
D:\Dokumente\Git\Fusee_Fork\src\Engine\Core\Properties\AssemblyInfo.cs,38,16,3,0,5,0,17,111,0,0
D:\Dokumente\Git\Fusee_Fork\src\Engine\Examples\MeshingAround\Core\MeshingAround.cs,178,128,69,1,36,2,14,159,0,0
D:\Dokumente\Git\Fusee_Fork\src\Engine\Examples\MeshingAround\Core\Properties\AssemblyInfo.cs,31,15,4,0,3,0,13,67,0,0
D:\Dokumente\Git\Fusee_Fork\src\Engine\Examples\MeshingAround\Desktop\Main.cs,63,48,31,4,7,0,8,32,0,0
D:\Dokumente\Git\Fusee_Fork\src\Engine\Examples\MeshingAround\Desktop\Properties\AssemblyInfo.cs,34,15,3,0,5,0,14,93,0,0
D:\Dokumente\Git\Fusee_Fork\src\Engine\Examples\MeshingAround\Web\Main.cs,70,57,32,8,6,0,7,28,0,0
D:\Dokumente\Git\Fusee_Fork\src\Engine\Examples\MeshingAround\Web\Properties\AssemblyInfo.cs,34,15,3,0,5,0,14,93,0,0
D:\Dokumente\Git\Fusee_Fork\src\Engine\Examples\S3DVideo\Core\S3DVideo.cs,308,225,167,8,54,0,29,257,0,0
D:\Dokumente\Git\Fusee_Fork\src\Engine\Examples\S3DVideo\Core\Properties\AssemblyInfo.cs,31,15,4,0,3,0,13,67,0,0
D:\Dokumente\Git\Fusee_Fork\src\Engine\Examples\S3DVideo\Desktop\Main.cs,64,49,32,4,7,0,8,32,0,0
D:\Dokumente\Git\Fusee_Fork\src\Engine\Examples\S3DVideo\Desktop\Properties\AssemblyInfo.cs,34,15,3,0,5,0,14,93,0,0
D:\Dokumente\Git\Fusee_Fork\src\Engine\Examples\S3DVideo\Web\Main.cs,70,57,32,8,6,0,7,28,0,0
D:\Dokumente\Git\Fusee_Fork\src\Engine\Examples\S3DVideo\Web\Properties\AssemblyInfo.cs,34,15,3,0,5,0,14,93,0,0
D:\Dokumente\Git\Fusee_Fork\src\Engine\Examples\Simple\Android\MainActivity.cs,131,107,62,17,12,0,12,62,0,0
D:\Dokumente\Git\Fusee_Fork\src\Engine\Examples\Simple\Android\PaintingView.cs,222,151,106,7,38,1,33,246,0,0
D:\Dokumente\Git\Fusee_Fork\src\Engine\Examples\Simple\Android\UnusedMainActivity.cs,66,50,33,9,6,0,10,50,0,0
D:\Dokumente\Git\Fusee_Fork\src\Engine\Examples\Simple\Android\Properties\AssemblyInfo.cs,24,12,3,0,3,0,9,71,0,0
D:\Dokumente\Git\Fusee_Fork\src\Engine\Examples\Simple\Android\Resources\Resource.Designer.cs,91,56,26,0,21,0,14,50,0,0
D:\Dokumente\Git\Fusee_Fork\src\Engine\Examples\Simple\Core\Simple.cs,199,145,101,3,37,0,17,169,0,0
D:\Dokumente\Git\Fusee_Fork\src\Engine\Examples\Simple\Core\Properties\AssemblyInfo.cs,31,15,4,0,3,0,13,67,0,0
D:\Dokumente\Git\Fusee_Fork\src\Engine\Examples\Simple\Desktop\Main.cs,64,49,32,4,7,0,8,32,0,0
D:\Dokumente\Git\Fusee_Fork\src\Engine\Examples\Simple\Desktop\Properties\AssemblyInfo.cs,34,15,3,0,5,0,14,93,0,0
D:\Dokumente\Git\Fusee_Fork\src\Engine\Examples\Simple\Web\Main.cs,70,57,32,8,6,0,7,28,0,0
D:\Dokumente\Git\Fusee_Fork\src\Engine\Examples\Simple\Web\Properties\AssemblyInfo.cs,34,15,3,0,5,0,14,93,0,0
D:\Dokumente\Git\Fusee_Fork\src\Engine\Examples\SoundTest\Core\SoundTest.cs,135,97,69,11,36,7,2,32,0,0
D:\Dokumente\Git\Fusee_Fork\src\Engine\Examples\SoundTest\Core\Tests.cs,177,139,81,39,38,0,0,0,0,0
D:\Dokumente\Git\Fusee_Fork\src\Engine\Examples\SoundTest\Core\Properties\AssemblyInfo.cs,31,15,4,0,3,0,13,67,0,0
D:\Dokumente\Git\Fusee_Fork\src\Engine\Examples\SoundTest\Desktop\Main.cs,29,18,12,0,5,0,6,24,0,0
D:\Dokumente\Git\Fusee_Fork\src\Engine\Examples\SoundTest\Desktop\Properties\AssemblyInfo.cs,34,15,3,0,5,0,14,93,0,0
D:\Dokumente\Git\Fusee_Fork\src\Engine\Examples\SoundTest\Web\Main.cs,30,18,12,0,5,0,7,34,0,0
D:\Dokumente\Git\Fusee_Fork\src\Engine\Examples\SoundTest\Web\Properties\AssemblyInfo.cs,34,15,3,0,5,0,14,93,0,0
D:\Dokumente\Git\Fusee_Fork\src\Engine\Examples\ThreeDFont\Core\ThreeDFont.cs,150,100,70,3,37,0,13,144,0,0
D:\Dokumente\Git\Fusee_Fork\src\Engine\Examples\ThreeDFont\Core\ThreeDFontHelper.cs,238,189,119,28,42,1,7,112,0,0
D:\Dokumente\Git\Fusee_Fork\src\Engine\Examples\ThreeDFont\Core\Properties\AssemblyInfo.cs,31,15,4,0,3,0,13,67,0,0
D:\Dokumente\Git\Fusee_Fork\src\Engine\Examples\ThreeDFont\Desktop\Main.cs,64,49,32,4,7,0,8,32,0,0
D:\Dokumente\Git\Fusee_Fork\src\Engine\Examples\ThreeDFont\Desktop\Properties\AssemblyInfo.cs,34,15,3,0,5,0,14,93,0,0
D:\Dokumente\Git\Fusee_Fork\src\Engine\Examples\ThreeDFont\Web\Main.cs,70,57,32,8,6,0,7,28,0,0
D:\Dokumente\Git\Fusee_Fork\src\Engine\Examples\ThreeDFont\Web\Properties\AssemblyInfo.cs,34,15,3,0,5,0,14,93,0,0
D:\Dokumente\Git\Fusee_Fork\src\Engine\Examples\__Legacy\AppBrowserWinForms\ApplicationFinder.cs,132,108,58,12,17,0,7,31,0,0
D:\Dokumente\Git\Fusee_Fork\src\Engine\Examples\__Legacy\AppBrowserWinForms\MainWindow.cs,218,161,97,11,36,3,21,160,0,0
D:\Dokumente\Git\Fusee_Fork\src\Engine\Examples\__Legacy\AppBrowserWinForms\MainWindow.Designer.cs,177,124,108,1,12,0,41,64,0,0
D:\Dokumente\Git\Fusee_Fork\src\Engine\Examples\__Legacy\AppBrowserWinForms\Program.cs,20,15,8,0,2,0,3,12,0,0
D:\Dokumente\Git\Fusee_Fork\src\Engine\Examples\__Legacy\AppBrowserWinForms\RenderControl.cs,63,50,29,8,7,1,6,29,0,0
D:\Dokumente\Git\Fusee_Fork\src\Engine\Examples\__Legacy\AppBrowserWinForms\RenderControl.Designer.cs,38,22,10,1,5,0,11,54,0,0
D:\Dokumente\Git\Fusee_Fork\src\Engine\Examples\__Legacy\AppBrowserWinForms\WinformsHost.cs,278,231,130,21,40,0,7,58,0,0
D:\Dokumente\Git\Fusee_Fork\src\Engine\Examples\__Legacy\AppBrowserWinForms\Properties\AssemblyInfo.cs,34,15,3,0,5,0,14,93,0,0
D:\Dokumente\Git\Fusee_Fork\src\Engine\Examples\__Legacy\AppBrowserWinForms\Properties\Resources.Designer.cs,103,56,31,7,13,1,34,193,0,1
D:\Dokumente\Git\Fusee_Fork\src\Engine\Examples\__Legacy\AudioTestEnvironment\Main.cs,194,145,90,14,29,0,20,63,0,0
D:\Dokumente\Git\Fusee_Fork\src\Engine\Examples\__Legacy\AudioTestEnvironment\Properties\AssemblyInfo.cs,34,15,3,0,5,0,14,93,0,0
D:\Dokumente\Git\Fusee_Fork\src\Engine\Examples\__Legacy\BlendingTest\Main.cs,212,149,90,5,36,0,27,93,0,0
D:\Dokumente\Git\Fusee_Fork\src\Engine\Examples\__Legacy\BlendingTest\Properties\AssemblyInfo.cs,34,15,3,0,5,0,14,93,0,0
D:\Dokumente\Git\Fusee_Fork\src\Engine\Examples\__Legacy\CubeAndTiles\Field.cs,216,158,103,17,47,0,11,48,0,0
D:\Dokumente\Git\Fusee_Fork\src\Engine\Examples\__Legacy\CubeAndTiles\Level.cs,371,272,165,47,80,1,19,89,0,0
D:\Dokumente\Git\Fusee_Fork\src\Engine\Examples\__Legacy\CubeAndTiles\LevelTemplates.cs,49,46,35,0,1,0,2,4,0,0
D:\Dokumente\Git\Fusee_Fork\src\Engine\Examples\__Legacy\CubeAndTiles\Program.cs,177,128,85,12,41,0,8,26,0,0
D:\Dokumente\Git\Fusee_Fork\src\Engine\Examples\__Legacy\CubeAndTiles\RollingCube.cs,275,181,126,20,69,2,25,82,0,0
D:\Dokumente\Git\Fusee_Fork\src\Engine\Examples\__Legacy\CubeAndTiles\Properties\AssemblyInfo.cs,37,15,3,0,5,0,17,111,0,0
D:\Dokumente\Git\Fusee_Fork\src\Engine\Examples\__Legacy\HandOnCanvas\Main.cs,252,192,120,2,42,0,18,85,0,0
D:\Dokumente\Git\Fusee_Fork\src\Engine\Examples\__Legacy\HandOnCanvas\Properties\AssemblyInfo.cs,34,15,3,0,5,0,14,93,0,0
D:\Dokumente\Git\Fusee_Fork\src\Engine\Examples\__Legacy\InputDevices\Main.cs,89,63,41,5,20,0,6,23,0,0
D:\Dokumente\Git\Fusee_Fork\src\Engine\Examples\__Legacy\InputDevices\Properties\AssemblyInfo.cs,34,15,3,0,5,0,14,93,0,0
D:\Dokumente\Git\Fusee_Fork\src\Engine\Examples\__Legacy\KeyframeAnimationTest\Main.cs,109,87,67,0,22,0,0,0,0,0
D:\Dokumente\Git\Fusee_Fork\src\Engine\Examples\__Legacy\KeyframeAnimationTest\SphereMaterial.cs,24,20,12,0,4,0,0,0,0,0
D:\Dokumente\Git\Fusee_Fork\src\Engine\Examples\__Legacy\KeyframeAnimationTest\Properties\AssemblyInfo.cs,34,15,3,0,5,0,14,93,0,0
D:\Dokumente\Git\Fusee_Fork\src\Engine\Examples\__Legacy\LightTypeTest\BumpMaterial.cs,43,37,27,0,6,0,0,0,0,0
D:\Dokumente\Git\Fusee_Fork\src\Engine\Examples\__Legacy\LightTypeTest\CamScript.cs,18,17,9,1,1,0,0,0,0,0
D:\Dokumente\Git\Fusee_Fork\src\Engine\Examples\__Legacy\LightTypeTest\DiffuseMaterial.cs,31,26,16,0,5,0,0,0,0,0
D:\Dokumente\Git\Fusee_Fork\src\Engine\Examples\__Legacy\LightTypeTest\Main.cs,125,101,56,0,22,0,2,3,0,0
D:\Dokumente\Git\Fusee_Fork\src\Engine\Examples\__Legacy\LightTypeTest\MouseAction.cs,21,19,11,1,2,0,0,0,0,0
D:\Dokumente\Git\Fusee_Fork\src\Engine\Examples\__Legacy\LightTypeTest\RotateAction.cs,26,22,12,0,4,0,0,0,0,0
D:\Dokumente\Git\Fusee_Fork\src\Engine\Examples\__Legacy\LightTypeTest\RotatingLightAction.cs,26,22,12,0,4,0,0,0,0,0
D:\Dokumente\Git\Fusee_Fork\src\Engine\Examples\__Legacy\LightTypeTest\SimpleMaterial.cs,31,26,16,0,5,0,0,0,0,0
D:\Dokumente\Git\Fusee_Fork\src\Engine\Examples\__Legacy\LightTypeTest\SpecularMaterial.cs,36,31,21,0,5,0,0,0,0,0
D:\Dokumente\Git\Fusee_Fork\src\Engine\Examples\__Legacy\LightTypeTest\Properties\AssemblyInfo.cs,34,15,3,0,5,0,14,93,0,0
D:\Dokumente\Git\Fusee_Fork\src\Engine\Examples\__Legacy\LinqForGeometry\LinqForGeometry.cs,554,407,217,56,73,4,74,444,0,0
D:\Dokumente\Git\Fusee_Fork\src\Engine\Examples\__Legacy\LinqForGeometry\Properties\AssemblyInfo.cs,34,15,3,0,5,0,14,93,0,0
D:\Dokumente\Git\Fusee_Fork\src\Engine\Examples\__Legacy\MageExample\Main.cs,272,190,155,11,67,0,15,52,0,0
D:\Dokumente\Git\Fusee_Fork\src\Engine\Examples\__Legacy\MageExample\Properties\AssemblyInfo.cs,34,15,3,0,5,0,14,93,0,0
D:\Dokumente\Git\Fusee_Fork\src\Engine\Examples\__Legacy\ParticleSystem\ParticleSystem.cs,301,212,152,12,59,0,30,99,0,0
D:\Dokumente\Git\Fusee_Fork\src\Engine\Examples\__Legacy\ParticleSystem\Properties\AssemblyInfo.cs,34,15,3,0,5,0,14,93,0,0
D:\Dokumente\Git\Fusee_Fork\src\Engine\Examples\__Legacy\PhysicsTest\GUI.cs,92,62,46,0,26,0,4,12,0,0
D:\Dokumente\Git\Fusee_Fork\src\Engine\Examples\__Legacy\PhysicsTest\Main.cs,363,261,194,13,82,2,20,68,0,0
D:\Dokumente\Git\Fusee_Fork\src\Engine\Examples\__Legacy\PhysicsTest\Physics.cs,356,285,205,14,67,0,4,7,0,0
D:\Dokumente\Git\Fusee_Fork\src\Engine\Examples\__Legacy\PhysicsTest\Properties\AssemblyInfo.cs,34,15,3,0,5,0,14,93,0,0
D:\Dokumente\Git\Fusee_Fork\src\Engine\Examples\__Legacy\PickingSimple\Main.cs,82,59,43,2,19,0,4,14,0,0
D:\Dokumente\Git\Fusee_Fork\src\Engine\Examples\__Legacy\PickingSimple\Properties\AssemblyInfo.cs,34,15,3,0,5,0,14,93,0,0
D:\Dokumente\Git\Fusee_Fork\src\Engine\Examples\__Legacy\QtIntegration\QtApplication\FuseeWidget.cpp,67,53,27,1,14,0,0,0,0,0
D:\Dokumente\Git\Fusee_Fork\src\Engine\Examples\__Legacy\QtIntegration\QtApplication\main.cpp,15,11,7,1,4,0,0,0,0,0
D:\Dokumente\Git\Fusee_Fork\src\Engine\Examples\__Legacy\QtIntegration\QtApplication\QtApplication.cpp,56,40,19,1,12,0,4,13,0,0
D:\Dokumente\Git\Fusee_Fork\src\Engine\Examples\__Legacy\QtIntegration\QtApplication\FuseeWidget.h,31,22,14,0,7,0,2,10,0,0
D:\Dokumente\Git\Fusee_Fork\src\Engine\Examples\__Legacy\QtIntegration\QtApplication\QtApplication.h,32,24,13,0,8,1,0,1,0,0
D:\Dokumente\Git\Fusee_Fork\src\Engine\Examples\__Legacy\QtIntegration\QtApplication\GeneratedFiles\ui_QtApplication.h,143,111,84,1,25,4,7,41,7,36
D:\Dokumente\Git\Fusee_Fork\src\Engine\Examples\__Legacy\QtIntegration\QtHostCpp\MacroTest.cpp,56,20,11,1,15,0,21,24,0,0
D:\Dokumente\Git\Fusee_Fork\src\Engine\Examples\__Legacy\QtIntegration\QtHostCpp\QtHostBridge.cpp,342,214,113,16,79,0,49,128,2,10
D:\Dokumente\Git\Fusee_Fork\src\Engine\Examples\__Legacy\QtIntegration\QtHostCpp\stdafx.cpp,9,1,0,0,3,0,5,37,3,23
D:\Dokumente\Git\Fusee_Fork\src\Engine\Examples\__Legacy\QtIntegration\QtHostCpp\CPPInteropDec.h,18,10,0,0,5,0,3,28,0,0
D:\Dokumente\Git\Fusee_Fork\src\Engine\Examples\__Legacy\QtIntegration\QtHostCpp\CPPInteropImp.h,174,54,11,4,26,0,94,721,0,0
D:\Dokumente\Git\Fusee_Fork\src\Engine\Examples\__Legacy\QtIntegration\QtHostCpp\QtHostBridge.h,134,88,62,0,26,0,20,94,0,0
D:\Dokumente\Git\Fusee_Fork\src\Engine\Examples\__Legacy\QtIntegration\QtHostCpp\stdafx.h,33,15,0,0,10,9,8,157,4,22
D:\Dokumente\Git\Fusee_Fork\src\Engine\Examples\__Legacy\QtIntegration\QtHostCpp\Bridge.inl,29,21,0,0,7,0,1,0,1,0
D:\Dokumente\Git\Fusee_Fork\src\Engine\Examples\__Legacy\QtIntegration\QtHostCs\Class1.cs,148,114,73,9,29,0,5,21,0,0
D:\Dokumente\Git\Fusee_Fork\src\Engine\Examples\__Legacy\QtIntegration\QtHostCs\FuseeApp.cs,151,90,63,6,37,0,24,73,0,0
D:\Dokumente\Git\Fusee_Fork\src\Engine\Examples\__Legacy\QtIntegration\QtHostCs\QtHost.cs,200,135,72,12,35,0,30,123,0,0
D:\Dokumente\Git\Fusee_Fork\src\Engine\Examples\__Legacy\QtIntegration\QtHostCs\Properties\AssemblyInfo.cs,37,15,3,0,5,0,17,120,0,0
D:\Dokumente\Git\Fusee_Fork\src\Engine\Examples\__Legacy\RocketGame\GameEntity.cs,108,86,53,3,22,0,0,0,0,0
D:\Dokumente\Git\Fusee_Fork\src\Engine\Examples\__Legacy\RocketGame\GameWorld.cs,193,151,105,15,42,0,0,0,0,0
D:\Dokumente\Git\Fusee_Fork\src\Engine\Examples\__Legacy\RocketGame\GUI.cs,135,104,74,3,28,0,3,9,0,0
D:\Dokumente\Git\Fusee_Fork\src\Engine\Examples\__Legacy\RocketGame\Main.cs,49,34,20,0,12,0,3,16,0,0
D:\Dokumente\Git\Fusee_Fork\src\Engine\Examples\__Legacy\RocketGame\Player.cs,88,76,34,6,12,0,0,0,0,0
D:\Dokumente\Git\Fusee_Fork\src\Engine\Examples\__Legacy\RocketGame\Shader.cs,287,236,132,4,51,1,0,8,0,0
D:\Dokumente\Git\Fusee_Fork\src\Engine\Examples\__Legacy\RocketGame\Target.cs,46,40,23,3,6,0,0,0,0,0
D:\Dokumente\Git\Fusee_Fork\src\Engine\Examples\__Legacy\RocketGame\Properties\AssemblyInfo.cs,34,15,3,0,5,0,14,93,0,0
D:\Dokumente\Git\Fusee_Fork\src\Engine\Examples\__Legacy\SceneViewer\Main.cs,314,236,144,10,61,0,17,53,0,0
D:\Dokumente\Git\Fusee_Fork\src\Engine\Examples\__Legacy\SceneViewer\Properties\AssemblyInfo.cs,34,15,3,0,5,0,14,93,0,0
D:\Dokumente\Git\Fusee_Fork\src\Engine\Examples\__Legacy\SerialisationExample\Main.cs,115,94,67,3,13,0,8,35,0,0
D:\Dokumente\Git\Fusee_Fork\src\Engine\Examples\__Legacy\SerialisationExample\Properties\AssemblyInfo.cs,34,15,3,0,5,0,14,93,0,0
D:\Dokumente\Git\Fusee_Fork\src\Engine\Examples\__Legacy\ShaderDemo\Main.cs,672,499,381,33,113,2,60,226,0,0
D:\Dokumente\Git\Fusee_Fork\src\Engine\Examples\__Legacy\ShaderDemo\Properties\AssemblyInfo.cs,34,15,3,0,5,0,14,93,0,0
D:\Dokumente\Git\Fusee_Fork\src\Engine\Examples\__Legacy\SolarSystem\CameraScript.cs,43,35,21,2,8,0,0,0,0,0
D:\Dokumente\Git\Fusee_Fork\src\Engine\Examples\__Legacy\SolarSystem\MoonAction.cs,32,25,15,0,5,0,2,14,0,0
D:\Dokumente\Git\Fusee_Fork\src\Engine\Examples\__Legacy\SolarSystem\PlanetAction.cs,42,35,20,2,7,0,0,0,0,0
D:\Dokumente\Git\Fusee_Fork\src\Engine\Examples\__Legacy\SolarSystem\PlanetMaterial.cs,32,26,16,0,6,0,0,0,0,0
D:\Dokumente\Git\Fusee_Fork\src\Engine\Examples\__Legacy\SolarSystem\RotationScript.cs,86,68,39,10,18,0,0,0,0,0
D:\Dokumente\Git\Fusee_Fork\src\Engine\Examples\__Legacy\SolarSystem\Solar.cs,333,116,104,0,33,0,184,540,0,0
D:\Dokumente\Git\Fusee_Fork\src\Engine\Examples\__Legacy\SolarSystem\SolarSystem.cs,249,190,102,0,43,0,16,33,0,0
D:\Dokumente\Git\Fusee_Fork\src\Engine\Examples\__Legacy\SolarSystem\Properties\AssemblyInfo.cs,34,15,3,0,5,0,14,93,0,0
D:\Dokumente\Git\Fusee_Fork\src\Engine\Examples\__Legacy\SoundTest\Main.cs,140,97,69,11,36,7,7,59,0,0
D:\Dokumente\Git\Fusee_Fork\src\Engine\Examples\__Legacy\SoundTest\Tests.cs,176,138,80,39,38,0,0,0,0,0
D:\Dokumente\Git\Fusee_Fork\src\Engine\Examples\__Legacy\SoundTest\Properties\AssemblyInfo.cs,34,15,3,0,5,0,14,93,0,0
D:\Dokumente\Git\Fusee_Fork\src\Engine\Examples\__Legacy\SpotTheDiff\Main.cs,187,124,96,5,49,0,14,47,0,0
D:\Dokumente\Git\Fusee_Fork\src\Engine\Examples\__Legacy\SpotTheDiff\Properties\AssemblyInfo.cs,34,15,3,0,5,0,14,93,0,0
D:\Dokumente\Git\Fusee_Fork\src\Engine\Examples\__Legacy\VideoTexture\Main.cs,138,78,53,10,37,0,23,144,0,0
D:\Dokumente\Git\Fusee_Fork\src\Engine\Examples\__Legacy\VideoTexture\Properties\AssemblyInfo.cs,34,15,3,0,5,0,14,93,0,0
D:\Dokumente\Git\Fusee_Fork\src\Engine\Examples\__Legacy\WebUnitTests\Main.cs,42,31,19,0,8,0,3,16,0,0
D:\Dokumente\Git\Fusee_Fork\src\Engine\Examples\__Legacy\WebUnitTests\Properties\AssemblyInfo.cs,34,15,3,0,5,0,14,93,0,0
D:\Dokumente\Git\Fusee_Fork\src\Engine\Examples\__Legacy\WindowSizesDemo\Main.cs,94,50,37,1,19,1,25,199,0,0
D:\Dokumente\Git\Fusee_Fork\src\Engine\Examples\__Legacy\WindowSizesDemo\Properties\AssemblyInfo.cs,34,15,3,0,5,0,14,93,0,0
D:\Dokumente\Git\Fusee_Fork\src\Engine\Examples\__Legacy\WorldRendering\Main.cs,112,75,51,0,25,0,12,76,0,0
D:\Dokumente\Git\Fusee_Fork\src\Engine\Examples\__Legacy\WorldRendering\Object.cs,96,79,45,8,17,0,0,0,0,0
D:\Dokumente\Git\Fusee_Fork\src\Engine\Examples\__Legacy\WorldRendering\World.cs,112,81,53,9,23,0,8,38,0,0
D:\Dokumente\Git\Fusee_Fork\src\Engine\Examples\__Legacy\WorldRendering\Properties\AssemblyInfo.cs,34,15,3,0,5,0,14,93,0,0
D:\Dokumente\Git\Fusee_Fork\src\Engine\Imp\Font\Desktop\Font.cs,23,15,11,0,5,0,3,6,0,0
D:\Dokumente\Git\Fusee_Fork\src\Engine\Imp\Font\Desktop\FontManager.cs,13,10,6,0,3,0,0,0,0,0
D:\Dokumente\Git\Fusee_Fork\src\Engine\Imp\Font\Desktop\Properties\AssemblyInfo.cs,37,15,3,0,5,0,17,111,0,0
D:\Dokumente\Git\Fusee_Fork\src\Engine\Imp\Graphics\Android\InputImp.cs,1047,632,260,46,93,3,322,1607,0,0
D:\Dokumente\Git\Fusee_Fork\src\Engine\Imp\Graphics\Android\Keymapper.cs,109,64,86,4,13,0,32,179,0,0
D:\Dokumente\Git\Fusee_Fork\src\Engine\Imp\Graphics\Android\LibPaintingView.cs,227,159,102,7,36,1,32,240,0,0
D:\Dokumente\Git\Fusee_Fork\src\Engine\Imp\Graphics\Android\RenderCanvasImp.cs,456,234,123,12,62,1,160,838,0,0
D:\Dokumente\Git\Fusee_Fork\src\Engine\Imp\Graphics\Android\RenderContextImp.cs,1612,919,548,161,116,2,577,2631,0,0
D:\Dokumente\Git\Fusee_Fork\src\Engine\Imp\Graphics\Android\Properties\AssemblyInfo.cs,31,15,4,0,3,0,13,67,0,0
D:\Dokumente\Git\Fusee_Fork\src\Engine\Imp\Graphics\Android\Resources\Resource.Designer.cs,61,36,14,0,14,0,11,37,0,0
D:\Dokumente\Git\Fusee_Fork\src\Engine\Imp\Graphics\Desktop\InputImp.cs,618,407,173,32,54,1,157,943,0,0
D:\Dokumente\Git\Fusee_Fork\src\Engine\Imp\Graphics\Desktop\Keymapper.cs,108,77,112,4,14,0,17,56,0,0
D:\Dokumente\Git\Fusee_Fork\src\Engine\Imp\Graphics\Desktop\RenderCanvasImp.cs,847,426,241,25,117,2,304,1508,0,0
D:\Dokumente\Git\Fusee_Fork\src\Engine\Imp\Graphics\Desktop\RenderContextImp.cs,1697,929,548,168,116,3,652,2848,0,0
D:\Dokumente\Git\Fusee_Fork\src\Engine\Imp\Graphics\Desktop\WindowsTouchDeviceImp.cs,589,380,188,39,73,13,136,898,0,0
D:\Dokumente\Git\Fusee_Fork\src\Engine\Imp\Graphics\Desktop\Properties\AssemblyInfo.cs,37,15,3,0,5,0,17,111,0,0
D:\Dokumente\Git\Fusee_Fork\src\Engine\Imp\Graphics\Shared\Font.cs,27,18,9,0,5,1,4,11,0,2
D:\Dokumente\Git\Fusee_Fork\src\Engine\Imp\Graphics\Shared\Implementor.cs,47,23,9,3,5,0,19,108,0,0
D:\Dokumente\Git\Fusee_Fork\src\Engine\Imp\Graphics\Shared\MeshImp.cs,139,61,42,0,11,0,67,267,0,0
D:\Dokumente\Git\Fusee_Fork\src\Engine\Imp\Graphics\Shared\RenderContextImpCaps.cs,1045,872,543,187,103,2,70,460,0,0
D:\Dokumente\Git\Fusee_Fork\src\Engine\Imp\Graphics\Shared\ShaderParam.cs,18,12,4,0,2,0,4,30,0,0
D:\Dokumente\Git\Fusee_Fork\src\Engine\Imp\Graphics\Shared\ShaderProgramImp.cs,17,12,4,0,2,0,3,15,0,0
D:\Dokumente\Git\Fusee_Fork\src\Engine\Imp\Graphics\Shared\Texture.cs,17,12,4,0,2,0,3,17,0,0
D:\Dokumente\Git\Fusee_Fork\src\Engine\Imp\Graphics\Web\Font.cs,23,15,10,0,7,1,1,23,0,12
D:\Dokumente\Git\Fusee_Fork\src\Engine\Imp\Graphics\Web\InputImp.cs,971,649,290,42,85,2,237,1266,0,12
D:\Dokumente\Git\Fusee_Fork\src\Engine\Imp\Graphics\Web\MeshImp.cs,75,63,27,0,11,1,1,23,0,12
D:\Dokumente\Git\Fusee_Fork\src\Engine\Imp\Graphics\Web\RenderCanvasImp.cs,79,67,31,0,10,2,2,39,0,12
D:\Dokumente\Git\Fusee_Fork\src\Engine\Imp\Graphics\Web\RenderContextImp.cs,362,306,139,14,54,2,2,29,0,12
D:\Dokumente\Git\Fusee_Fork\src\Engine\Imp\Graphics\Web\ShaderParam.cs,18,13,5,0,4,1,1,23,0,12
D:\Dokumente\Git\Fusee_Fork\src\Engine\Imp\Graphics\Web\ShaderProgramImp.cs,13,9,4,0,3,1,1,23,0,12
D:\Dokumente\Git\Fusee_Fork\src\Engine\Imp\Graphics\Web\Texture.cs,18,14,6,0,3,1,1,23,0,12
D:\Dokumente\Git\Fusee_Fork\src\Engine\Imp\Input\Desktop\Implementor.cs,22,12,5,1,2,0,8,33,0,0
D:\Dokumente\Git\Fusee_Fork\src\Engine\Imp\Input\Desktop\InputDeviceImp.cs,228,134,76,35,32,0,62,404,0,0
D:\Dokumente\Git\Fusee_Fork\src\Engine\Imp\Input\Desktop\InputDriverImp.cs,41,25,15,3,6,0,10,55,0,0
D:\Dokumente\Git\Fusee_Fork\src\Engine\Imp\Input\Desktop\Properties\AssemblyInfo.cs,37,15,3,0,5,0,17,111,0,0
D:\Dokumente\Git\Fusee_Fork\src\Engine\Imp\Input\Web\InputDeviceImp.cs,67,54,22,0,12,1,1,23,0,12
D:\Dokumente\Git\Fusee_Fork\src\Engine\Imp\Input\Web\InputDriverImp.cs,19,15,7,0,3,1,1,23,0,12
D:\Dokumente\Git\Fusee_Fork\src\Engine\Imp\Network\Desktop\Compression.cs,36,32,16,2,3,0,1,9,0,0
D:\Dokumente\Git\Fusee_Fork\src\Engine\Imp\Network\Desktop\Implementor.cs,20,11,5,1,2,0,7,27,0,0
D:\Dokumente\Git\Fusee_Fork\src\Engine\Imp\Network\Desktop\NetworkConnection.cs,133,79,41,9,20,3,34,194,0,0
D:\Dokumente\Git\Fusee_Fork\src\Engine\Imp\Network\Desktop\NetworkImp.cs,661,417,238,79,131,0,113,451,0,0
D:\Dokumente\Git\Fusee_Fork\src\Engine\Imp\Network\Desktop\NetworkMessage.cs,45,13,7,0,5,0,27,85,0,0
D:\Dokumente\Git\Fusee_Fork\src\Engine\Imp\Network\Desktop\Properties\AssemblyInfo.cs,37,15,3,0,5,0,17,111,0,0
D:\Dokumente\Git\Fusee_Fork\src\Engine\Imp\Network\Web\Implementor.cs,20,11,5,1,2,0,7,27,0,0
D:\Dokumente\Git\Fusee_Fork\src\Engine\Imp\Network\Web\NetworkConnection.cs,40,33,14,0,6,1,1,23,0,12
D:\Dokumente\Git\Fusee_Fork\src\Engine\Imp\Network\Web\NetworkImp.cs,74,61,26,0,12,2,1,29,0,12
D:\Dokumente\Git\Fusee_Fork\src\Engine\Imp\Network\Web\NetworkMessage.cs,21,17,8,0,3,1,1,23,0,12
D:\Dokumente\Git\Fusee_Fork\src\Engine\Imp\Physics\Desktop\BoxShapeImp.cs,74,45,24,3,6,0,23,79,0,0
D:\Dokumente\Git\Fusee_Fork\src\Engine\Imp\Physics\Desktop\CapsuleShapeImp.cs,99,60,32,5,6,0,33,104,0,0
D:\Dokumente\Git\Fusee_Fork\src\Engine\Imp\Physics\Desktop\CollisonShapeImp.cs,70,42,24,2,6,0,22,80,0,0
D:\Dokumente\Git\Fusee_Fork\src\Engine\Imp\Physics\Desktop\CompoundShapeImp.cs,140,84,56,2,5,0,51,183,0,0
D:\Dokumente\Git\Fusee_Fork\src\Engine\Imp\Physics\Desktop\ConeShapeImp.cs,103,65,35,5,5,0,33,108,0,0
D:\Dokumente\Git\Fusee_Fork\src\Engine\Imp\Physics\Desktop\ConeTwistConstraintImp.cs,387,202,104,17,20,0,165,571,0,0
D:\Dokumente\Git\Fusee_Fork\src\Engine\Imp\Physics\Desktop\ConvexHullShapeImp.cs,100,60,34,6,8,0,32,102,0,0
D:\Dokumente\Git\Fusee_Fork\src\Engine\Imp\Physics\Desktop\CylinderShapeImp.cs,100,60,32,5,7,0,33,100,0,0
D:\Dokumente\Git\Fusee_Fork\src\Engine\Imp\Physics\Desktop\DynamicWorldImp.cs,1104,617,462,69,142,2,345,1297,0,0
D:\Dokumente\Git\Fusee_Fork\src\Engine\Imp\Physics\Desktop\EmptyShapeImp.cs,35,22,12,1,3,0,10,35,0,0
D:\Dokumente\Git\Fusee_Fork\src\Engine\Imp\Physics\Desktop\GearConstraintImp.cs,67,36,20,3,6,0,25,84,0,0
D:\Dokumente\Git\Fusee_Fork\src\Engine\Imp\Physics\Desktop\Generic6DofConstraintImp.cs,347,197,107,17,15,0,135,466,0,0
D:\Dokumente\Git\Fusee_Fork\src\Engine\Imp\Physics\Desktop\GImpactMeshShapeImp.cs,55,36,20,2,3,0,16,54,0,0
D:\Dokumente\Git\Fusee_Fork\src\Engine\Imp\Physics\Desktop\HingeConstraintImp.cs,319,175,95,16,15,0,129,438,0,0
D:\Dokumente\Git\Fusee_Fork\src\Engine\Imp\Physics\Desktop\MultiSphereShapeImp.cs,73,41,23,4,7,0,25,81,0,0
D:\Dokumente\Git\Fusee_Fork\src\Engine\Imp\Physics\Desktop\PhysicsImplementor.cs,20,11,5,1,2,0,7,23,0,0
D:\Dokumente\Git\Fusee_Fork\src\Engine\Imp\Physics\Desktop\Point2PointConstraintImp.cs,182,118,70,18,11,0,53,177,0,0
D:\Dokumente\Git\Fusee_Fork\src\Engine\Imp\Physics\Desktop\RigidBodyImp.cs,562,369,237,38,39,0,154,492,0,0
D:\Dokumente\Git\Fusee_Fork\src\Engine\Imp\Physics\Desktop\SliderConstraintImp.cs,852,537,285,45,22,0,293,1034,0,0
D:\Dokumente\Git\Fusee_Fork\src\Engine\Imp\Physics\Desktop\SphereShapeImp.cs,78,49,27,3,8,0,21,70,0,0
D:\Dokumente\Git\Fusee_Fork\src\Engine\Imp\Physics\Desktop\StaticPlaneShapeImp.cs,62,35,19,2,5,0,22,69,0,0
D:\Dokumente\Git\Fusee_Fork\src\Engine\Imp\Physics\Desktop\Translator.cs,87,46,26,6,6,0,35,144,0,0
D:\Dokumente\Git\Fusee_Fork\src\Engine\Imp\Physics\Desktop\Properties\AssemblyInfo.cs,37,15,3,0,5,0,17,120,0,0
D:\Dokumente\Git\Fusee_Fork\src\Engine\Imp\Sound\Desktop\AudioImp.cs,162,79,41,9,25,0,58,298,0,0
D:\Dokumente\Git\Fusee_Fork\src\Engine\Imp\Sound\Desktop\AudioStreamImp.cs,221,145,76,13,28,0,48,243,0,0
D:\Dokumente\Git\Fusee_Fork\src\Engine\Imp\Sound\Desktop\Implementor.cs,20,11,5,1,1,0,8,41,0,0
D:\Dokumente\Git\Fusee_Fork\src\Engine\Imp\Sound\Desktop\Properties\AssemblyInfo.cs,37,15,3,0,5,0,17,111,0,0
D:\Dokumente\Git\Fusee_Fork\src\Engine\Imp\Sound\Web\AudioImp.cs,63,49,20,0,10,1,4,46,0,12
D:\Dokumente\Git\Fusee_Fork\src\Engine\Imp\Sound\Web\AudioStreamImp.cs,47,40,17,0,6,1,1,23,0,12
D:\Dokumente\Git\Fusee_Fork\src\Engine\Imp\Video\Desktop\Implementor.cs,21,11,5,1,2,0,8,39,0,0
D:\Dokumente\Git\Fusee_Fork\src\Engine\Imp\Video\Desktop\VideoManagerImp.cs,51,23,15,2,6,0,22,224,0,0
D:\Dokumente\Git\Fusee_Fork\src\Engine\Imp\Video\Desktop\VideoStreamImp.cs,141,83,47,2,17,0,41,213,0,0
D:\Dokumente\Git\Fusee_Fork\src\Engine\Imp\Video\Desktop\Properties\AssemblyInfo.cs,37,15,3,0,5,0,17,111,0,0
D:\Dokumente\Git\Fusee_Fork\src\Engine\Imp\Video\Web\VideoManagerImp.cs,24,19,8,0,4,1,1,23,0,12
D:\Dokumente\Git\Fusee_Fork\src\Engine\Imp\Video\Web\VideoStreamImp.cs,31,24,10,0,6,1,1,23,0,12
D:\Dokumente\Git\Fusee_Fork\src\Engine\Imp\__Legacy\AForge\Implementor.cs,19,10,4,1,1,0,8,39,0,0
D:\Dokumente\Git\Fusee_Fork\src\Engine\Imp\__Legacy\AForge\VideoManagerImp.cs,50,22,14,2,6,0,22,224,0,0
D:\Dokumente\Git\Fusee_Fork\src\Engine\Imp\__Legacy\AForge\VideoStreamImp.cs,129,82,46,2,17,0,30,146,0,0
D:\Dokumente\Git\Fusee_Fork\src\Engine\Imp\__Legacy\AForge\Properties\AssemblyInfo.cs,37,15,3,0,5,0,17,111,0,0
D:\Dokumente\Git\Fusee_Fork\src\Engine\Imp\__Legacy\Bullet\BoxShapeImp.cs,62,51,28,3,9,0,2,9,0,0
D:\Dokumente\Git\Fusee_Fork\src\Engine\Imp\__Legacy\Bullet\CapsuleShapeImp.cs,78,70,40,5,8,0,0,0,0,0
D:\Dokumente\Git\Fusee_Fork\src\Engine\Imp\__Legacy\Bullet\CollisonShapeImp.cs,54,47,29,2,6,0,1,8,0,0
D:\Dokumente\Git\Fusee_Fork\src\Engine\Imp\__Legacy\Bullet\CompoundShapeImp.cs,102,95,65,2,6,0,1,1,0,0
D:\Dokumente\Git\Fusee_Fork\src\Engine\Imp\__Legacy\Bullet\ConeShapeImp.cs,81,75,43,5,6,0,0,0,0,0
D:\Dokumente\Git\Fusee_Fork\src\Engine\Imp\__Legacy\Bullet\ConeTwistConstraintImp.cs,227,207,109,17,20,0,0,0,0,0
D:\Dokumente\Git\Fusee_Fork\src\Engine\Imp\__Legacy\Bullet\ConvexHullShapeImp.cs,80,71,43,6,9,0,0,0,0,0
D:\Dokumente\Git\Fusee_Fork\src\Engine\Imp\__Legacy\Bullet\CylinderShapeImp.cs,78,70,40,5,8,0,0,0,0,0
D:\Dokumente\Git\Fusee_Fork\src\Engine\Imp\__Legacy\Bullet\DynamicWorldImp.cs,857,624,469,69,145,2,88,259,0,0
D:\Dokumente\Git\Fusee_Fork\src\Engine\Imp\__Legacy\Bullet\EmptyShapeImp.cs,37,32,20,1,4,0,1,1,0,0
D:\Dokumente\Git\Fusee_Fork\src\Engine\Imp\__Legacy\Bullet\GearConstraintImp.cs,46,40,24,3,6,0,0,0,0,0
D:\Dokumente\Git\Fusee_Fork\src\Engine\Imp\__Legacy\Bullet\Generic6DofConstraintImp.cs,217,202,112,17,15,0,0,0,0,0
D:\Dokumente\Git\Fusee_Fork\src\Engine\Imp\__Legacy\Bullet\GImpactMeshShapeImp.cs,51,46,28,2,4,0,1,1,0,0
D:\Dokumente\Git\Fusee_Fork\src\Engine\Imp\__Legacy\Bullet\HingeConstraintImp.cs,195,180,100,16,15,0,0,0,0,0
D:\Dokumente\Git\Fusee_Fork\src\Engine\Imp\__Legacy\Bullet\MultiSphereShapeImp.cs,59,51,31,4,8,0,0,0,0,0
D:\Dokumente\Git\Fusee_Fork\src\Engine\Imp\__Legacy\Bullet\PhysicsImplementor.cs,17,15,9,1,2,0,0,0,0,0
D:\Dokumente\Git\Fusee_Fork\src\Engine\Imp\__Legacy\Bullet\Point2PointConstraintImp.cs,132,121,73,18,11,0,0,0,0,0
D:\Dokumente\Git\Fusee_Fork\src\Engine\Imp\__Legacy\Bullet\RigidBodyImp.cs,470,404,256,42,43,0,23,82,0,0
D:\Dokumente\Git\Fusee_Fork\src\Engine\Imp\__Legacy\Bullet\SliderConstraintImp.cs,564,542,290,45,22,0,0,0,0,0
D:\Dokumente\Git\Fusee_Fork\src\Engine\Imp\__Legacy\Bullet\SphereShapeImp.cs,68,59,35,3,9,0,0,0,0,0
D:\Dokumente\Git\Fusee_Fork\src\Engine\Imp\__Legacy\Bullet\StaticPlaneShapeImp.cs,53,46,28,2,6,0,1,1,0,0
D:\Dokumente\Git\Fusee_Fork\src\Engine\Imp\__Legacy\Bullet\Translater.cs,52,46,26,6,6,0,0,0,0,0
D:\Dokumente\Git\Fusee_Fork\src\Engine\Imp\__Legacy\Bullet\Properties\AssemblyInfo.cs,37,15,3,0,5,0,17,120,0,0
D:\Dokumente\Git\Fusee_Fork\src\Engine\Imp\__Legacy\Input\Implementor.cs,16,11,4,1,0,0,5,23,0,0
D:\Dokumente\Git\Fusee_Fork\src\Engine\Imp\__Legacy\Input\InputDeviceImp.cs,227,133,75,35,32,0,62,404,0,0
D:\Dokumente\Git\Fusee_Fork\src\Engine\Imp\__Legacy\Input\InputDriverImp.cs,37,24,14,3,6,0,7,46,0,0
D:\Dokumente\Git\Fusee_Fork\src\Engine\Imp\__Legacy\Input\Properties\AssemblyInfo.cs,37,15,3,0,5,0,17,111,0,0
D:\Dokumente\Git\Fusee_Fork\src\Engine\Imp\__Legacy\Lidgren\Compression.cs,40,36,20,2,3,0,1,9,0,0
D:\Dokumente\Git\Fusee_Fork\src\Engine\Imp\__Legacy\Lidgren\Implementor.cs,18,10,4,1,1,0,7,27,0,0
D:\Dokumente\Git\Fusee_Fork\src\Engine\Imp\__Legacy\Lidgren\NetworkConnection.cs,132,78,40,9,20,3,34,194,0,0
D:\Dokumente\Git\Fusee_Fork\src\Engine\Imp\__Legacy\Lidgren\NetworkImp.cs,660,416,237,79,131,0,113,451,0,0
D:\Dokumente\Git\Fusee_Fork\src\Engine\Imp\__Legacy\Lidgren\NetworkMessage.cs,45,13,7,0,5,0,27,85,0,0
D:\Dokumente\Git\Fusee_Fork\src\Engine\Imp\__Legacy\Lidgren\Properties\AssemblyInfo.cs,37,15,3,0,5,0,17,111,0,0
D:\Dokumente\Git\Fusee_Fork\src\Engine\Imp\__Legacy\OpenTK\Font.cs,22,14,10,0,5,0,3,6,0,0
D:\Dokumente\Git\Fusee_Fork\src\Engine\Imp\__Legacy\OpenTK\Implementor.cs,43,19,9,3,5,0,19,108,0,0
D:\Dokumente\Git\Fusee_Fork\src\Engine\Imp\__Legacy\OpenTK\InputImp.cs,281,162,84,24,31,0,88,455,0,0
D:\Dokumente\Git\Fusee_Fork\src\Engine\Imp\__Legacy\OpenTK\Keymapper.cs,106,77,61,4,12,0,17,49,0,0
D:\Dokumente\Git\Fusee_Fork\src\Engine\Imp\__Legacy\OpenTK\MeshImp.cs,133,56,41,0,10,0,67,267,0,0
D:\Dokumente\Git\Fusee_Fork\src\Engine\Imp\__Legacy\OpenTK\RenderCanvasImp.cs,843,432,244,25,116,2,295,1462,0,0
D:\Dokumente\Git\Fusee_Fork\src\Engine\Imp\__Legacy\OpenTK\RenderContextImp.cs,1737,1129,682,182,182,2,426,2399,0,0
D:\Dokumente\Git\Fusee_Fork\src\Engine\Imp\__Legacy\OpenTK\RenderContextImpCaps.cs,1045,872,543,187,103,2,70,460,0,0
D:\Dokumente\Git\Fusee_Fork\src\Engine\Imp\__Legacy\OpenTK\ShaderParam.cs,13,8,3,0,1,0,4,30,0,0
D:\Dokumente\Git\Fusee_Fork\src\Engine\Imp\__Legacy\OpenTK\ShaderProgramImp.cs,11,7,3,0,1,0,3,15,0,0
D:\Dokumente\Git\Fusee_Fork\src\Engine\Imp\__Legacy\OpenTK\Texture.cs,12,8,3,0,1,0,3,17,0,0
D:\Dokumente\Git\Fusee_Fork\src\Engine\Imp\__Legacy\OpenTK\Properties\AssemblyInfo.cs,37,15,3,0,5,0,17,111,0,0
D:\Dokumente\Git\Fusee_Fork\src\Engine\Imp\__Legacy\SFMLAudio\AudioStream.cs,220,144,75,13,28,0,48,243,0,0
D:\Dokumente\Git\Fusee_Fork\src\Engine\Imp\__Legacy\SFMLAudio\Implementor.cs,18,10,4,1,0,0,8,41,0,0
D:\Dokumente\Git\Fusee_Fork\src\Engine\Imp\__Legacy\SFMLAudio\SFMLAudioImp.cs,128,76,39,10,18,0,34,201,0,0
D:\Dokumente\Git\Fusee_Fork\src\Engine\Imp\__Legacy\SFMLAudio\Properties\AssemblyInfo.cs,37,15,3,0,5,0,17,111,0,0
D:\Dokumente\Git\Fusee_Fork\src\Engine\LinqForGeometry\LinqForGeometry.Core\AssemblyInfo.cs,28,11,2,0,8,0,9,71,0,0
D:\Dokumente\Git\Fusee_Fork\src\Engine\LinqForGeometry\LinqForGeometry.Core\src\Geometry.cs,1149,732,411,71,120,1,297,1756,0,0
D:\Dokumente\Git\Fusee_Fork\src\Engine\LinqForGeometry\LinqForGeometry.Core\src\GlobalInf.cs,46,19,14,0,8,1,19,80,0,0
D:\Dokumente\Git\Fusee_Fork\src\Engine\LinqForGeometry\LinqForGeometry.Core\src\Exceptions\ExcMeshLeak.cs,17,11,5,0,3,0,3,13,0,0
D:\Dokumente\Git\Fusee_Fork\src\Engine\LinqForGeometry\LinqForGeometry.Core\src\Handles\HandleEdge.cs,50,20,9,1,5,1,25,127,0,0
D:\Dokumente\Git\Fusee_Fork\src\Engine\LinqForGeometry\LinqForGeometry.Core\src\Handles\HandleFace.cs,51,20,9,1,6,1,25,127,0,0
D:\Dokumente\Git\Fusee_Fork\src\Engine\LinqForGeometry\LinqForGeometry.Core\src\Handles\HandleFaceNormal.cs,50,20,9,1,5,1,25,128,0,0
D:\Dokumente\Git\Fusee_Fork\src\Engine\LinqForGeometry\LinqForGeometry.Core\src\Handles\HandleHalfEdge.cs,52,20,9,1,7,1,25,127,0,0
D:\Dokumente\Git\Fusee_Fork\src\Engine\LinqForGeometry\LinqForGeometry.Core\src\Handles\HandleVertex.cs,50,20,9,1,5,1,25,127,0,0
D:\Dokumente\Git\Fusee_Fork\src\Engine\LinqForGeometry\LinqForGeometry.Core\src\Handles\HandleVertexNormal.cs,50,20,9,1,5,1,25,127,0,0
D:\Dokumente\Git\Fusee_Fork\src\Engine\LinqForGeometry\LinqForGeometry.Core\src\Handles\HandleVertexUV.cs,50,20,9,1,5,1,25,129,0,0
D:\Dokumente\Git\Fusee_Fork\src\Engine\LinqForGeometry\LinqForGeometry.Core\src\Importer\GeoFace.cs,26,11,6,0,3,1,12,48,0,0
D:\Dokumente\Git\Fusee_Fork\src\Engine\LinqForGeometry\LinqForGeometry.Core\src\Importer\WavefrontImporter.cs,237,177,100,23,22,2,38,200,0,0
D:\Dokumente\Git\Fusee_Fork\src\Engine\LinqForGeometry\LinqForGeometry.Core\src\PtrContainer\EdgePtrCont.cs,26,10,5,0,2,1,14,67,0,0
D:\Dokumente\Git\Fusee_Fork\src\Engine\LinqForGeometry\LinqForGeometry.Core\src\PtrContainer\FacePtrCont.cs,26,10,5,0,2,1,14,67,0,0
D:\Dokumente\Git\Fusee_Fork\src\Engine\LinqForGeometry\LinqForGeometry.Core\src\PtrContainer\HEdgePtrCont.cs,35,14,9,0,3,1,18,101,0,0
D:\Dokumente\Git\Fusee_Fork\src\Engine\LinqForGeometry\LinqForGeometry.Core\src\PtrContainer\VertexPtrCont.cs,25,9,4,0,2,1,14,67,0,0
D:\Dokumente\Git\Fusee_Fork\src\Engine\LinqForGeometry\LinqForGeometry.ExternalModules\Properties\AssemblyInfo.cs,37,15,3,0,5,0,17,111,0,0
D:\Dokumente\Git\Fusee_Fork\src\Engine\LinqForGeometry\LinqForGeometry.ExternalModules\Transformations\Transformations.cs,218,130,64,12,24,1,64,435,0,0
D:\Dokumente\Git\Fusee_Fork\src\Engine\SceneViewer\Android\MainActivity.cs,131,107,62,17,12,0,12,62,0,0
D:\Dokumente\Git\Fusee_Fork\src\Engine\SceneViewer\Android\PaintingView.cs,222,151,106,7,38,1,33,246,0,0
D:\Dokumente\Git\Fusee_Fork\src\Engine\SceneViewer\Android\UnusedMainActivity.cs,66,50,33,9,6,0,10,50,0,0
D:\Dokumente\Git\Fusee_Fork\src\Engine\SceneViewer\Android\Properties\AssemblyInfo.cs,24,12,3,0,3,0,9,71,0,0
D:\Dokumente\Git\Fusee_Fork\src\Engine\SceneViewer\Android\Resources\Resource.Designer.cs,91,56,26,0,21,0,14,50,0,0
D:\Dokumente\Git\Fusee_Fork\src\Engine\SceneViewer\Core\SceneViewer.cs,278,207,156,16,39,1,32,310,0,0
D:\Dokumente\Git\Fusee_Fork\src\Engine\SceneViewer\Core\Properties\AssemblyInfo.cs,31,15,4,0,3,0,13,67,0,0
D:\Dokumente\Git\Fusee_Fork\src\Engine\SceneViewer\Desktop\Main.cs,64,49,32,4,7,0,8,32,0,0
D:\Dokumente\Git\Fusee_Fork\src\Engine\SceneViewer\Desktop\Properties\AssemblyInfo.cs,34,15,3,0,5,0,14,93,0,0
D:\Dokumente\Git\Fusee_Fork\src\Engine\SceneViewer\Web\Main.cs,70,57,32,8,6,0,7,28,0,0
D:\Dokumente\Git\Fusee_Fork\src\Engine\SceneViewer\Web\Properties\AssemblyInfo.cs,34,15,3,0,5,0,14,93,0,0
D:\Dokumente\Git\Fusee_Fork\src\Engine\Tests\Tests.cs,26,16,9,0,8,0,2,2,0,0
D:\Dokumente\Git\Fusee_Fork\src\Engine\Tests\Math\Core\QuaternionTests.cs,122,78,49,3,32,3,12,50,0,0
D:\Dokumente\Git\Fusee_Fork\src\Engine\Tests\Scene\Core\SimpleSceneTests.cs,344,218,115,6,43,0,83,304,0,0
